"clones","Proportion","Sample","original.clones"
"Clone: 24",0.00127194098193844,"JLKMED","NA;NA_TRBV12-3.NA.TRBJ1-1.TRBC1;TGTGCCAGCAGTTTAGCGTACAGTTACCAGAACACTGAAGCTTTCTTT"
"Clone: 5",0.00305265835665225,"JLKMED","NA;NA_TRBV2.NA.TRBJ2-2.TRBC2;TGTGCCAGCAGTGATTCTGCGGAGTACACCGGGGAGCTGTTTTTT"
"Clone: 18",0.00152632917832613,"JLKMED","NA;NA_TRBV24-1.NA.TRBJ1-1.TRBC1;TGTGCCACCAGTGATTTGCGCCTCCTGCACACTGAAGCTTTCTTT"
"Clone: 6",0.00279827016026456,"JLKMED","NA;NA_TRBV4-3.NA.TRBJ1-3.TRBC1;TGCGCCAGCAGCCAACGGTATGGGGGCCGAAGTGGAAACACCATATATTTT"
"Clone: 16",0.00178071737471381,"JLKMED","NA;NA_TRBV7-2.NA.TRBJ2-7.TRBC2;TGTGCCAGCACCGAGGCGGGTGTCGGCGAGCAGTACTTC"
"Clone: 11",0.00228949376748919,"JLKMED","NA;NA_TRBV7-9.TRBD1.TRBJ1-1.TRBC1;TGTGCCAGCACCGGACAGGGGTTAAACACTGAAGCTTTCTTT"
"Clone: 3",0.00381582294581531,"JLKMED","TRAV1-2.TRAJ35.TRAC;TGTGCTGTGAGGGTACTAGGCTTTGGGAATGTGCTGCATTGC_TRBV7-2.NA.TRBJ2-7.TRBC2;TGTGCCAGCACCGAGGCGGGTGTCGGCGAGCAGTACTTC"
"Clone: 25",0.000508776392775375,"JLKMED","TRAV10.TRAJ35.TRAC;TGTGTGGTGAGCGCGGGTGGCTTTGGGAATGTGCTGCATTGC_TRBV18.NA.TRBJ2-2.TRBC2;TGTGCCAGCTCACCACCCAGGGGGCGAGTCCTACTGAACACCGGGGAGCTGTTTTTT"
"Clone: 7",0.00279827016026456,"JLKMED","TRAV12-2.TRAJ33.TRAC;TGTGCCGCGTACATGGATAGCAACTATCAGTTAATCTGG_TRBV19.NA.TRBJ2-5.TRBC2;TGTGCCAGTAGTGACGGCGAACAGGCTGAAGAGACCCAGTACTTC"
"Clone: 8",0.00279827016026456,"JLKMED","TRAV13-2.TRAJ6.TRAC;TGTGCAGAGACCTCATCAGGAGGAAGCTACATACCTACATTT_TRBV4-3.TRBD1.TRBJ2-7.TRBC2;TGCGCCAGCAGCCAGAGGACAGGGCGCGAGCAGTACTTC"
"Clone: 27",0.000254388196387688,"JLKMED","TRAV14DV4.TRAJ13.TRAC;TGTGCAATGAGAGATCCAGCCATGAATTCTGGGGGTTACCAGAAAGTTACCTTT_TRBV10-3.NA.TRBJ2-5.TRBC2;TGTGCCATCTCCGGGACGGAAAGGGAGACCCAGTACTTC"
"Clone: 2",0.00585092851691681,"JLKMED","TRAV19.TRAJ30.TRAC;TGTGCTCTGAACGAGTGGGATGACAAGATCATCTTT_TRBV12-4.NA.TRBJ2-7.TRBC2;TGTGCCAGCAGTTTAGAGGTCAGGGCCTACGAGCAGTACTTC"
"Clone: 4",0.00381582294581531,"JLKMED","TRAV19.TRAJ34.TRAC;TGTGCTCTGAGTGGGGGGGATAACACCGACAAGCTCATCTTT_TRBV6-6.NA.TRBJ2-7.TRBC2;TGTGCCAGCAGTTCCCGGGACAGACCAAAAGACTACGAGCAGTACTTC"
"Clone: 13",0.0020351055711015,"JLKMED","TRAV21.TRAJ15.TRAC;TGTGCTGTGTCCGGAGGAACTGCTCTGATCTTT_TRBV29-1.NA.TRBJ2-7.TRBC2;TGCAGCGGTCTTCTTCTTTTCGGGGGGGCTTTACGTTACGAGCAGTACTTC"
"Clone: 12",0.00228949376748919,"JLKMED","TRAV23DV6.TRAJ40.TRAC;TGTGCAGCAATCCACTCAGGAACCTACAAATACATCTTT_TRBV6-3.NA.TRBJ1-5.TRBC1;TGTGCCAGCAGCCCTGGACAGCTATACAATCAGCCCCAGCATTTT"
"Clone: 21",0.000763164589163063,"JLKMED","TRAV26-2.TRAJ49.NA;TGCATCCTGATCGGTAACCAGTTCTATTTT_TRBV7-9.NA.TRBJ1-5.TRBC1;TGTGCCAGCAGCTTAGCAGACGGCCCCCAGCCCCAGCATTTT"
"Clone: 19",0.00152632917832613,"JLKMED","TRAV29DV5.TRAJ45.TRAC;TGTGCAGCAACTCGAGGAGGTGCTGACGGACTCACCTTT_TRBV5-4.NA.TRBJ2-7.TRBC2;TGTGCCAGCAGCCCCGGGATCCTCTACGAGCAGTACTTC"
"Clone: 14",0.00127194098193844,"JLKMED","TRAV30.TRAJ20.TRAC;TGCGGCACAGAGACAGGCGACTACAAGCTCAGCTTT_NA;NA"
"Clone: 1",0.0516408038667006,"JLKMED","TRAV30.TRAJ20.TRAC;TGCGGCACAGAGACAGGCGACTACAAGCTCAGCTTT_TRBV4-3.NA.TRBJ1-3.TRBC1;TGCGCCAGCAGCCAACGGTATGGGGGCCGAAGTGGAAACACCATATATTTT"
"Clone: 10",0.00254388196387688,"JLKMED","TRAV38-1.TRAJ13.TRAC;TGTGCTTTCATGAGCTCCTATTCTGGGGGTTACCAGAAAGTTACCTTT_TRBV12-4.NA.TRBJ1-2.TRBC1;TGTGCCAGCACTCCCCGGCCAGTTGCACGGCCTGACTATGGCTACACCTTC"
"Clone: 20",0.00152632917832613,"JLKMED","TRAV38-1.TRAJ27.TRAC;TGTGCTTTCATGACCTCGCCTAACACCAATGCAGGCAAATCAACCTTT_TRBV7-9.NA.TRBJ2-5.TRBC2;TRBV7-3.NA.TRBJ2-2.TRBC2;TGTGCCAGCAGCTTAAGCCTGGGAGGCGAGACCCAGTACTTC;TGTGCCAGCTTAATCGAGGCGTTCACCGGGGAGCTGTTTTTT"
"Clone: 9",0.00279827016026456,"JLKMED","TRAV38-1.TRAJ48.TRAC;TGTGCTTTCATGAAGCCACCTAACTTTGGAAATGAGAAATTAACCTTT_TRBV11-3.NA.TRBJ2-3.TRBC2;TGTGCCAGCAGTCTTCAGGGGGATACGCAGTATTTT"
"Clone: 22",0.000254388196387688,"JLKMED","TRAV38-2DV8.TRAJ34.TRAC;TGTGCTTATAGGAGCGCGCGTAACACCGACAAGCTCATCTTT_TRBV13.NA.TRBJ2-3.TRBC2;TGTGCCAGCAGCTCCCTGGCGGGGGCCTCGACAGATACGCAGTATTTT"
"Clone: 23",0.00101755278555075,"JLKMED","TRAV39.TRAJ58.TRAC;TGTGCCGTAGAAACCAGTGGCTCTAGGTTGACCTTT_TRBV29-1.NA.TRBJ2-7.TRBC2;TGCAGCGTTGAAGCCTCCCTAGCGGGGGGTAGGTACGAGCAGTACTTC"
"Clone: 15",0.00178071737471381,"JLKMED","TRAV4.TRAJ28.TRAC;TGCCTCGTGGGTGCACCCGGGGCATACTCTGGGGCTGGGAGTTACCAACTCACTTTC_TRBV7-9.TRBD1.TRBJ1-1.TRBC1;TGTGCCAGCACCGGACAGGGGTTAAACACTGAAGCTTTCTTT"
"Clone: 17",0.00178071737471381,"JLKMED","TRAV5.TRAJ24.TRAC;TGTGCACTGACAACTGACAGCTGGGGGAAATTGCAGTTT_TRBV20-1.TRBD1.TRBJ2-7.TRBC2;TGCAGTGCAGAGAGACAGGGGGGAGACTACGAGCAGTACTTC"
"Clone: 24",0.000553812073103194,"JLKCD3","NA;NA_TRBV12-3.NA.TRBJ1-1.TRBC1;TGTGCCAGCAGTTTAGCGTACAGTTACCAGAACACTGAAGCTTTCTTT"
"Clone: 5",0.00166143621930958,"JLKCD3","NA;NA_TRBV2.NA.TRBJ2-2.TRBC2;TGTGCCAGCAGTGATTCTGCGGAGTACACCGGGGAGCTGTTTTTT"
"Clone: 18",0.000923020121838656,"JLKCD3","NA;NA_TRBV24-1.NA.TRBJ1-1.TRBC1;TGTGCCACCAGTGATTTGCGCCTCCTGCACACTGAAGCTTTCTTT"
"Clone: 6",0.00221524829241277,"JLKCD3","NA;NA_TRBV4-3.NA.TRBJ1-3.TRBC1;TGCGCCAGCAGCCAACGGTATGGGGGCCGAAGTGGAAACACCATATATTTT"
"Clone: 16",0.000923020121838656,"JLKCD3","NA;NA_TRBV7-2.NA.TRBJ2-7.TRBC2;TGTGCCAGCACCGAGGCGGGTGTCGGCGAGCAGTACTTC"
"Clone: 11",0.000553812073103194,"JLKCD3","NA;NA_TRBV7-9.TRBD1.TRBJ1-1.TRBC1;TGTGCCAGCACCGGACAGGGGTTAAACACTGAAGCTTTCTTT"
"Clone: 3",0.00166143621930958,"JLKCD3","TRAV1-2.TRAJ35.TRAC;TGTGCTGTGAGGGTACTAGGCTTTGGGAATGTGCTGCATTGC_TRBV7-2.NA.TRBJ2-7.TRBC2;TGTGCCAGCACCGAGGCGGGTGTCGGCGAGCAGTACTTC"
"Clone: 25",0.00110762414620639,"JLKCD3","TRAV10.TRAJ35.TRAC;TGTGTGGTGAGCGCGGGTGGCTTTGGGAATGTGCTGCATTGC_TRBV18.NA.TRBJ2-2.TRBC2;TGTGCCAGCTCACCACCCAGGGGGCGAGTCCTACTGAACACCGGGGAGCTGTTTTTT"
"Clone: 7",0.00110762414620639,"JLKCD3","TRAV12-2.TRAJ33.TRAC;TGTGCCGCGTACATGGATAGCAACTATCAGTTAATCTGG_TRBV19.NA.TRBJ2-5.TRBC2;TGTGCCAGTAGTGACGGCGAACAGGCTGAAGAGACCCAGTACTTC"
"Clone: 26",0.00110762414620639,"JLKCD3","TRAV13-1.TRAJ53.TRAC;TGTGCGAGAGGGGGGGGTAGCAACTATAAACTGACATTT_TRBV4-2.NA.TRBJ2-2.TRBC2;TGTGCCAGCAGCCAAAGACTAGCGGTTAACACCGGGGAGCTGTTTTTT"
"Clone: 8",0.000923020121838656,"JLKCD3","TRAV13-2.TRAJ6.TRAC;TGTGCAGAGACCTCATCAGGAGGAAGCTACATACCTACATTT_TRBV4-3.TRBD1.TRBJ2-7.TRBC2;TGCGCCAGCAGCCAGAGGACAGGGCGCGAGCAGTACTTC"
"Clone: 27",0.000923020121838656,"JLKCD3","TRAV14DV4.TRAJ13.TRAC;TGTGCAATGAGAGATCCAGCCATGAATTCTGGGGGTTACCAGAAAGTTACCTTT_TRBV10-3.NA.TRBJ2-5.TRBC2;TGTGCCATCTCCGGGACGGAAAGGGAGACCCAGTACTTC"
"Clone: 2",0.00369208048735462,"JLKCD3","TRAV19.TRAJ30.TRAC;TGTGCTCTGAACGAGTGGGATGACAAGATCATCTTT_TRBV12-4.NA.TRBJ2-7.TRBC2;TGTGCCAGCAGTTTAGAGGTCAGGGCCTACGAGCAGTACTTC"
"Clone: 4",0.00129222817057412,"JLKCD3","TRAV19.TRAJ34.TRAC;TGTGCTCTGAGTGGGGGGGATAACACCGACAAGCTCATCTTT_TRBV6-6.NA.TRBJ2-7.TRBC2;TGTGCCAGCAGTTCCCGGGACAGACCAAAAGACTACGAGCAGTACTTC"
"Clone: 13",0.000553812073103194,"JLKCD3","TRAV21.TRAJ15.TRAC;TGTGCTGTGTCCGGAGGAACTGCTCTGATCTTT_TRBV29-1.NA.TRBJ2-7.TRBC2;TGCAGCGGTCTTCTTCTTTTCGGGGGGGCTTTACGTTACGAGCAGTACTTC"
"Clone: 12",0.000553812073103194,"JLKCD3","TRAV23DV6.TRAJ40.TRAC;TGTGCAGCAATCCACTCAGGAACCTACAAATACATCTTT_TRBV6-3.NA.TRBJ1-5.TRBC1;TGTGCCAGCAGCCCTGGACAGCTATACAATCAGCCCCAGCATTTT"
"Clone: 21",0.00129222817057412,"JLKCD3","TRAV26-2.TRAJ49.NA;TGCATCCTGATCGGTAACCAGTTCTATTTT_TRBV7-9.NA.TRBJ1-5.TRBC1;TGTGCCAGCAGCTTAGCAGACGGCCCCCAGCCCCAGCATTTT"
"Clone: 19",0.000738416097470925,"JLKCD3","TRAV29DV5.TRAJ45.TRAC;TGTGCAGCAACTCGAGGAGGTGCTGACGGACTCACCTTT_TRBV5-4.NA.TRBJ2-7.TRBC2;TGTGCCAGCAGCCCCGGGATCCTCTACGAGCAGTACTTC"
"Clone: 14",0.00203064426804504,"JLKCD3","TRAV30.TRAJ20.TRAC;TGCGGCACAGAGACAGGCGACTACAAGCTCAGCTTT_NA;NA"
"Clone: 1",0.0212294628022891,"JLKCD3","TRAV30.TRAJ20.TRAC;TGCGGCACAGAGACAGGCGACTACAAGCTCAGCTTT_TRBV4-3.NA.TRBJ1-3.TRBC1;TGCGCCAGCAGCCAACGGTATGGGGGCCGAAGTGGAAACACCATATATTTT"
"Clone: 10",0.00147683219494185,"JLKCD3","TRAV38-1.TRAJ13.TRAC;TGTGCTTTCATGAGCTCCTATTCTGGGGGTTACCAGAAAGTTACCTTT_TRBV12-4.NA.TRBJ1-2.TRBC1;TGTGCCAGCACTCCCCGGCCAGTTGCACGGCCTGACTATGGCTACACCTTC"
"Clone: 20",0.000923020121838656,"JLKCD3","TRAV38-1.TRAJ27.TRAC;TGTGCTTTCATGACCTCGCCTAACACCAATGCAGGCAAATCAACCTTT_TRBV7-9.NA.TRBJ2-5.TRBC2;TRBV7-3.NA.TRBJ2-2.TRBC2;TGTGCCAGCAGCTTAAGCCTGGGAGGCGAGACCCAGTACTTC;TGTGCCAGCTTAATCGAGGCGTTCACCGGGGAGCTGTTTTTT"
"Clone: 9",0.00110762414620639,"JLKCD3","TRAV38-1.TRAJ48.TRAC;TGTGCTTTCATGAAGCCACCTAACTTTGGAAATGAGAAATTAACCTTT_TRBV11-3.NA.TRBJ2-3.TRBC2;TGTGCCAGCAGTCTTCAGGGGGATACGCAGTATTTT"
"Clone: 22",0.00129222817057412,"JLKCD3","TRAV38-2DV8.TRAJ34.TRAC;TGTGCTTATAGGAGCGCGCGTAACACCGACAAGCTCATCTTT_TRBV13.NA.TRBJ2-3.TRBC2;TGTGCCAGCAGCTCCCTGGCGGGGGCCTCGACAGATACGCAGTATTTT"
"Clone: 23",0.00129222817057412,"JLKCD3","TRAV39.TRAJ58.TRAC;TGTGCCGTAGAAACCAGTGGCTCTAGGTTGACCTTT_TRBV29-1.NA.TRBJ2-7.TRBC2;TGCAGCGTTGAAGCCTCCCTAGCGGGGGGTAGGTACGAGCAGTACTTC"
"Clone: 15",0.00203064426804504,"JLKCD3","TRAV4.TRAJ28.TRAC;TGCCTCGTGGGTGCACCCGGGGCATACTCTGGGGCTGGGAGTTACCAACTCACTTTC_TRBV7-9.TRBD1.TRBJ1-1.TRBC1;TGTGCCAGCACCGGACAGGGGTTAAACACTGAAGCTTTCTTT"
"Clone: 17",0.000369208048735462,"JLKCD3","TRAV5.TRAJ24.TRAC;TGTGCACTGACAACTGACAGCTGGGGGAAATTGCAGTTT_TRBV20-1.TRBD1.TRBJ2-7.TRBC2;TGCAGTGCAGAGAGACAGGGGGGAGACTACGAGCAGTACTTC"
